"State Abbreviation","State Name","Reporting Period","State Expanded Medicaid","Preliminary or Updated","Final Report","New Applications Submitted to Medicaid and CHIP Agencies","New Applications Submitted to Medicaid and CHIP Agencies - footnotes","Applications for Financial Assistance Submitted to the State Based Marketplace","Applications for Financial Assistance Submitted to the State Based Marketplace - footnotes","Total Applications for Financial Assistance Submitted at State Level","Total Applications for Financial Assistance Submitted at State Level - footnotes","Individuals Determined Eligible for Medicaid at Application","Individuals Determined Eligible for Medicaid at Application - footnotes","Individuals Determined Eligible for CHIP at Application","Individuals Determined Eligible for CHIP at Application - footnotes","Total Medicaid and CHIP Determinations","Total Medicaid and CHIP Determinations - footnotes","Medicaid and CHIP Child Enrollment","Medicaid and CHIP Child Enrollment - footnotes","Total Medicaid and CHIP Enrollment","Total Medicaid and CHIP Enrollment - footnotes","Total Medicaid Enrollment","Total Medicaid Enrollment - footnotes","Total CHIP Enrollment","Total CHIP Enrollment - footnotes","Total Adult Medicaid Enrollment","Total Adult Medicaid Enrollment - footnotes","Total Medicaid and CHIP Determinations Processed in Less than 24 Hours","Total Medicaid and CHIP Determinations Processed in Less than 24 Hours - footnotes","Total Medicaid and CHIP Determinations Processed Between 24 Hours and 7 Days","Total Medicaid and CHIP Determinations Processed Between 24 Hours and 7 Days - footnotes","Total Medicaid and CHIP Determinations Processed Between 8 Days and 30 Days","Total Medicaid and CHIP Determinations Processed Between 8 Days and 30 Days - footnotes","Total Medicaid and CHIP Determinations Processed between 31 days and 45 days","Total Medicaid and CHIP Determinations Processed between 31 days and 45 days - footnotes","Total Medicaid and CHIP Determinations Processed in More than 45 Days","Total Medicaid and CHIP Determinations Processed in More than 45 Days - footnotes","Total Call Center Volume (Number of Calls)","Total Call Center Volume (Number of Calls) - footnotes","Average Call Center Wait Time (Minutes)","Average Call Center Wait Time (Minutes) - footnotes","Average Call Center Abandonment Rate","Average Call Center Abandonment Rate - footnotes"
IL,Illinois,201706,Y,P,N,68813,,0,,68813,,43628,,13251,,56879,,1420184,,3046336,,2797074,,249262,,,,,,,,,,,,,,,,,,,
IL,Illinois,201706,Y,U,Y,68813,,0,,68813,,43628,,13251,,56879,,1436185,,3075710,,2824233,,251477,,,,,,,,,,,,,,,,,,,
IL,Illinois,201707,Y,P,N,67016,,0,,67016,,38361,,11994,,50355,,1417408,,3040025,,2789217,,250808,,,,,,,,,,,,,,,,,,,
IL,Illinois,201707,Y,U,Y,67016,,0,,67016,,38361,,11994,,50355,,1431681,,3073670,,2820285,,253385,,,,,,,,,,,,,,,,,,,
IL,Illinois,201708,Y,P,N,78681,,0,,78681,,46748,,15619,,62367,,1409119,,3022660,,2772365,,250295,,,,,,,,,,,,,,,,,,,
IL,Illinois,201708,Y,U,Y,78681,,0,,78681,,46748,,15619,,62367,,1432510,,3078351,,2823816,,254535,,,,,,,,,,,,,,,,,,,
IL,Illinois,201709,Y,P,N,67589,,0,,67589,,46500,,15581,,62081,,1417934,,3042186,,2790471,,251715,,,,,,,,,,,,,,,,,,,
IL,Illinois,201709,Y,U,Y,67589,,0,,67589,,46500,,15581,,62081,,1432856,,3070815,,2816541,,254274,,,,,,,,,,,,,,,,,,,
IL,Illinois,201710,Y,P,N,43382,,0,,43382,,7406,,598,,8004,,1441705,,3166200,,2937918,,228282,,,,,,,,,,,,,,,,,,,
IL,Illinois,201710,Y,U,Y,43382,,0,,43382,,7406,,598,,8004,,1441705,,3166200,,2937918,,228282,,,,,,,,,,,,,,,,,,,
IL,Illinois,201711,Y,P,N,54641,,0,,54641,,33825,,3207,,37032,,1440064,,3166443,,2937222,,229221,,,,,,,,,,,,,,,,,,,
IL,Illinois,201711,Y,U,Y,54641,,0,,54641,,33825,,3207,,37032,,1440064,,3166443,,2937222,,229221,,,,,,,,,,,,,,,,,,,
IL,Illinois,201712,Y,P,N,52396,,0,,52396,,33040,,3237,,36277,,1444931,,3189788,,2964143,,225645,,,,,,,,,,,,,,,,,,,
IL,Illinois,201712,Y,U,Y,52396,,0,,52396,,33040,,3237,,36277,,1444931,,3189788,,2964143,,225645,,,,,,,,,,,,,,,,,,,
IL,Illinois,201801,Y,P,N,57642,,0,,57642,,39297,,4061,,43358,,1423889,,3054889,,2816124,,238765,,,,,,,,,,,,,,,,,,,
IL,Illinois,201801,Y,U,Y,57642,,0,,57642,,39297,,4061,,43358,,1434640,,3076689,,2833653,,243036,,,,,,,,,,,,,,,,,,,
IL,Illinois,201802,Y,P,N,46974,,0,,46974,,42050,,4742,,46792,,1430437,,3153458,,2935728,,217730,,,,8180,,5443,,11604,,4160,,16135,,,,,,,
IL,Illinois,201802,Y,U,Y,46974,,0,,46974,,42050,,4742,,46792,,1430437,,3153458,,2935728,,217730,,,,8180,,5443,,11604,,4160,,16135,,,,,,,
IL,Illinois,201803,Y,P,N,54979,,0,,54979,,49874,,6163,,56037,,1422781,,3132875,,2916048,,216827,,,,8917,,6492,,12317,,5076,,20383,,,,,,,
IL,Illinois,201803,Y,U,Y,54979,,0,,54979,,49874,,6163,,56037,,1422781,,3132875,,2916048,,216827,,,,8917,,6492,,12317,,5076,,20383,,,,,,,
IL,Illinois,201804,Y,P,N,51846,,0,,51846,,47817,,5574,,53391,,1413176,,3104999,,2887682,,217317,,,,7957,,6132,,11840,,5097,,19714,,,,,,,
IL,Illinois,201804,Y,U,Y,51846,,0,,51846,,47817,,5574,,53391,,1413176,,3104999,,2887682,,217317,,,,7957,,6132,,11840,,5097,,19714,,,,,,,
IL,Illinois,201805,Y,P,N,50091,,0,,50091,,50422,,6057,,56479,,1423180,,3122954,,2905048,,217906,,,,,,,,,,,,,,,,,,,
IL,Illinois,201805,Y,U,Y,50091,,0,,50091,,50422,,6057,,56479,,1423180,,3122954,,2905048,,217906,,,,,,,,,,,,,,,,,,,
IL,Illinois,201806,Y,P,N,50018,,0,,50018,,48191,,5874,,54065,,1420256,,3108756,,2887939,,220817,,,,,,,,,,,,,,,,,,,
IL,Illinois,201806,Y,U,Y,50018,,0,,50018,,48191,,5874,,54065,,1420256,,3108756,,2887939,,220817,,,,,,,,,,,,,,,,,,,
IL,Illinois,201807,Y,P,N,53145,,0,,53145,,46313,,5558,,51871,,1418935,,3099179,,2874555,,224624,,,,,,,,,,,,,,,,,,,
IL,Illinois,201807,Y,U,Y,53145,,0,,53145,,46313,,5558,,51871,,1418935,,3099179,,2874555,,224624,,,,,,,,,,,,,,,,,,,
IL,Illinois,201808,Y,P,N,55842,,0,,55842,,53418,,6812,,60230,,1418383,,3089647,,2862080,,227567,,,,,,,,,,,,,,,,,,,
IL,Illinois,201808,Y,U,Y,55842,,0,,55842,,53418,,6812,,60230,,1418383,,3089647,,2862080,,227567,,,,,,,,,,,,,,,,,,,
IL,Illinois,201809,Y,P,N,47069,,0,,47069,,43809,,4805,,48614,,1412823,,3071476,,2839767,,231709,,,,,,,,,,,,,,,,,,,
IL,Illinois,201809,Y,U,Y,47069,,0,,47069,,43809,,4805,,48614,,1412823,,3071476,,2839767,,231709,,,,,,,,,,,,,,,,,,,
IL,Illinois,201810,Y,P,N,55168,,0,,55168,,49371,,4996,,54367,,1405990,,3045999,,2808656,,237343,,,,,,,,,,,,,,,,,,,
IL,Illinois,201810,Y,U,Y,55168,,0,,55168,,49371,,4996,,54367,,1405990,,3045999,,2808656,,237343,,,,,,,,,,,,,,,,,,,
IL,Illinois,201811,Y,P,N,49244,,0,,49244,,39512,,4190,,43702,,1395501,,3020847,,2779840,,241007,,,,,,,,,,,,,,,,,,,
IL,Illinois,201811,Y,U,Y,49244,,0,,49244,,39512,,4190,,43702,,1395501,,3020847,,2779840,,241007,,,,,,,,,,,,,,,,,,,
IL,Illinois,201812,Y,P,N,47680,,0,,47680,,40874,,4255,,45129,,1384337,,2996633,,2751624,,245009,,,,,,,,,,,,,,,,,,,
IL,Illinois,201812,Y,U,Y,47680,,0,,47680,,40874,,4255,,45129,,1384337,,2996633,,2751624,,245009,,,,,,,,,,,,,,,,,,,
IL,Illinois,201901,Y,P,N,51212,,0,,51212,,43859,,4752,,48611,,1379502,,2984833,,2739921,,244912,,,,,,,,,,,,,,,,,,,
IL,Illinois,201901,Y,U,Y,51212,,0,,51212,,43859,,4752,,48611,,1379502,,2984833,,2739921,,244912,,,,,,,,,,,,,,,,,,,
IL,Illinois,201902,Y,P,N,48822,,0,,48822,,36296,,3752,,40048,,1371479,,2959871,,2712626,,247245,,,,7750,,5839,,10227,,2541,,12550,,,,,,,
IL,Illinois,201902,Y,U,Y,48822,,0,,48822,,36296,,3752,,40048,,1371479,,2959871,,2712626,,247245,,,,7750,,5839,,10227,,2541,,12550,,,,,,,
IL,Illinois,201903,Y,P,N,52867,,0,,52867,,44574,,4288,,48862,,1370249,,2953478,,2702681,,250797,,,,9523,,7532,,13223,,2882,,13611,,,,,,,
IL,Illinois,201903,Y,U,Y,52867,,0,,52867,,44574,,4288,,48862,,1370249,,2953478,,2702681,,250797,,,,9523,,7532,,13223,,2882,,13611,,,,,,,
IL,Illinois,201904,Y,P,N,52798,,0,,52798,,49648,,4726,,54374,,1372966,,2959731,,2706097,,253634,,,,11778,,7565,,13502,,3433,,16685,,,,,,,
IL,Illinois,201904,Y,U,Y,52798,,0,,52798,,49648,,4726,,54374,,1372966,,2959731,,2706097,,253634,,,,11778,,7565,,13502,,3433,,16685,,,,,,,
IL,Illinois,201905,Y,P,N,52419,,0,,52419,,50759,,5198,,55957,,1370956,,2952683,,2700146,,252537,,,,,,,,,,,,,,,,,,,
IL,Illinois,201905,Y,U,Y,52419,,0,,52419,,50759,,5198,,55957,,1370956,,2952683,,2700146,,252537,,,,,,,,,,,,,,,,,,,
IL,Illinois,201906,Y,P,N,51483,,0,,51483,,45379,,4268,,49647,,1371815,,2954400,,2699965,,254435,,,,,,,,,,,,,,,,,,,
IL,Illinois,201906,Y,U,Y,51483,,0,,51483,,45379,,4268,,49647,,1371815,,2954400,,2699965,,254435,,,,,,,,,,,,,,,,,,,
IL,Illinois,201907,Y,P,N,62434,,0,,62434,,49417,,4694,,54111,,1371270,,2956137,,2698856,,257281,,,,,,,,,,,,,,,,,,,
IL,Illinois,201907,Y,U,Y,62434,,0,,62434,,49417,,4694,,54111,,1371270,,2956137,,2698856,,257281,,,,,,,,,,,,,,,,,,,
IL,Illinois,201908,Y,P,N,63234,,0,,63234,,50157,,5174,,55331,,1372769,,2962259,,2702676,,259583,,,,,,,,,,,,,,,,,,,
IL,Illinois,201908,Y,U,Y,63234,,0,,63234,,50157,,5174,,55331,,1372769,,2962259,,2702676,,259583,,,,,,,,,,,,,,,,,,,
IL,Illinois,201909,Y,P,N,57146,,0,,57146,,44704,,4590,,49294,,1372042,,2960638,,2697338,,263300,,,,,,,,,,,,,,,,,,,
IL,Illinois,201909,Y,U,Y,57146,,0,,57146,,44704,,4590,,49294,,1372042,,2960638,,2697338,,263300,,,,,,,,,,,,,,,,,,,
IL,Illinois,201910,Y,P,N,61506,,0,,61506,,48308,,4643,,52951,,1371721,,2961049,,2694439,,266610,,,,,,,,,,,,,,,,,,,
IL,Illinois,201910,Y,U,Y,61506,,0,,61506,,48308,,4643,,52951,,1371721,,2961049,,2694439,,266610,,,,,,,,,,,,,,,,,,,
IL,Illinois,201911,Y,P,N,52945,,0,,52945,,43158,,4585,,47743,,1369323,,2955990,,2686995,,268995,,,,,,,,,,,,,,,,,,,
IL,Illinois,201911,Y,U,Y,52945,,0,,52945,,43158,,4585,,47743,,1369323,,2955990,,2686995,,268995,,,,,,,,,,,,,,,,,,,
IL,Illinois,201912,Y,P,N,52593,,0,,52593,,40466,,4233,,44699,,1368609,,2956343,,2686085,,270258,,,,,,,,,,,,,,,,,,,
IL,Illinois,201912,Y,U,Y,52593,,0,,52593,,40466,,4233,,44699,,1368609,,2956343,,2686085,,270258,,,,,,,,,,,,,,,,,,,
IL,Illinois,202001,Y,P,N,63018,,0,,63018,,47118,,4552,,51670,,1368157,,2953326,,2686003,,267323,,,,,,,,,,,,,,,,,,,
IL,Illinois,202001,Y,U,Y,63018,,0,,63018,,47118,,4552,,51670,,1368157,,2953326,,2686003,,267323,,,,,,,,,,,,,,,,,,,
IL,Illinois,202002,Y,P,N,53049,,0,,53049,,44065,,4439,,48504,,1365783,,2947846,,2680372,,267474,,,,13444,,6757,,10985,,2829,,12246,,,,,,,
IL,Illinois,202002,Y,U,Y,53049,,0,,53049,,44065,,4439,,48504,,1365783,,2947846,,2680372,,267474,,,,13444,,6757,,10985,,2829,,12246,,,,,,,
IL,Illinois,202003,Y,P,N,72554,,0,,72554,,47131,,3981,,51112,,1366162,,2969831,,2689438,,280393,,,,11616,,13827,,11321,,2486,,9344,,,,,,,
IL,Illinois,202003,Y,U,Y,72554,,0,,72554,,47131,,3981,,51112,,1366162,,2969831,,2689438,,280393,,,,11616,,13827,,11321,,2486,,9344,,,,,,,
IL,Illinois,202004,Y,P,N,82039,,0,,82039,,77317,,5570,,82887,,1378170,,3033816,,2750902,,282914,,,,13602,,26547,,23472,,3978,,12901,,,,,,,
IL,Illinois,202004,Y,U,Y,82039,,0,,82039,,77317,,5570,,82887,,1378170,,3033816,,2750902,,282914,,,,13602,,26547,,23472,,3978,,12901,,,,,,,
IL,Illinois,202005,Y,P,N,49200,,0,,49200,,60210,,5848,,66058,,1387714,,3071698,,2784830,,286868,,,,,,,,,,,,,,,,,,,
IL,Illinois,202005,Y,U,Y,49200,,0,,49200,,60210,,5848,,66058,,1387714,,3071698,,2784830,,286868,,,,,,,,,,,,,,,,,,,
IL,Illinois,202006,Y,P,N,43534,,0,,43534,,39185,,3710,,42895,,1397809,,3103953,,2812874,,291079,,,,,,,,,,,,,,,,,,,
IL,Illinois,202006,Y,U,Y,43534,,0,,43534,,39185,,3710,,42895,,1397809,,3103953,,2812874,,291079,,,,,,,,,,,,,,,,,,,
IL,Illinois,202007,Y,P,N,50736,,0,,50736,,31155,,2843,,33998,,1408845,,3139748,,2845037,,294711,,,,,,,,,,,,,,,,,,,
IL,Illinois,202007,Y,U,Y,50736,,0,,50736,,31155,,2843,,33998,,1408845,,3139748,,2845037,,294711,,,,,,,,,,,,,,,,,,,
IL,Illinois,202008,Y,P,N,54606,,0,,54606,,34560,,3357,,37917,,1420232,,3168080,,2870069,,298011,,,,,,,,,,,,,,,,,,,
IL,Illinois,202008,Y,U,Y,54606,,0,,54606,,34560,,3357,,37917,,1420232,,3168080,,2870069,,298011,,,,,,,,,,,,,,,,,,,
IL,Illinois,202009,Y,P,N,51872,,0,,51872,,33362,,3342,,36704,,1429626,,3198170,,2897180,,300990,,,,,,,,,,,,,,,,,,,
IL,Illinois,202009,Y,U,Y,51872,,0,,51872,,33362,,3342,,36704,,1429626,,3198170,,2897180,,300990,,,,,,,,,,,,,,,,,,,
IL,Illinois,202010,Y,P,N,53691,,0,,53691,,33753,,3262,,37015,,1437185,,3227552,,2923915,,303637,,,,,,,,,,,,,,,,,,,
IL,Illinois,202010,Y,U,Y,53691,,0,,53691,,33753,,3262,,37015,,1437185,,3227552,,2923915,,303637,,,,,,,,,,,,,,,,,,,
IL,Illinois,202011,Y,P,N,50531,,0,,50531,,26526,,2238,,28764,,1446720,,3274771,,2968245,,306526,,,,,,,,,,,,,,,,,,,
IL,Illinois,202011,Y,U,Y,50531,,0,,50531,,26526,,2238,,28764,,1446720,,3274771,,2968245,,306526,,,,,,,,,,,,,,,,,,,
IL,Illinois,202012,Y,P,N,45993,,0,,45993,,32482,,2855,,35337,,1455742,,3317815,,3008423,,309392,,,,,,,,,,,,,,,,,,,
IL,Illinois,202012,Y,U,Y,45993,,0,,45993,,32482,,2855,,35337,,1455742,,3317815,,3008423,,309392,,,,,,,,,,,,,,,,,,,
IL,Illinois,202101,Y,P,N,48660,,0,,48660,,31462,,3081,,34543,,1461043,,3339928,,3028486,,311442,,,,,,,,,,,,,,,,,,,
IL,Illinois,202101,Y,U,Y,48660,,0,,48660,,31462,,3081,,34543,,1461043,,3339928,,3028486,,311442,,,,,,,,,,,,,,,,,,,
IL,Illinois,202102,Y,P,N,42454,,0,,42454,,31944,,4024,,35968,,1465580,,3354800,,3041238,,313562,,,,8557,,8057,,4583,,692,,18792,,,,,,,
IL,Illinois,202102,Y,U,Y,42454,,0,,42454,,31944,,4024,,35968,,1465580,,3354800,,3041238,,313562,,,,8557,,8057,,4583,,692,,18792,,,,,,,
IL,Illinois,202103,Y,P,N,48353,,0,,48353,,33846,,3896,,37742,,1471379,,3373256,,3056711,,316545,,,,9327,,9304,,10038,,1948,,9598,,,,,,,
IL,Illinois,202103,Y,U,Y,48353,,0,,48353,,33846,,3896,,37742,,1471379,,3373256,,3056711,,316545,,,,9327,,9304,,10038,,1948,,9598,,,,,,,
IL,Illinois,202104,Y,P,N,43438,,0,,43438,,25827,,2379,,28206,,1477524,,3395134,,3075237,,319897,,,,7596,,7929,,6239,,841,,3606,,,,,,,
IL,Illinois,202104,Y,U,Y,43438,,0,,43438,,25827,,2379,,28206,,1477524,,3395134,,3075237,,319897,,,,7596,,7929,,6239,,841,,3606,,,,,,,
IL,Illinois,202105,Y,P,N,41361,,0,,41361,,22814,,2157,,24971,,1476295,,3398838,,3077986,,320852,,,,,,,,,,,,,,,,,,,
IL,Illinois,202105,Y,U,Y,41361,,0,,41361,,22814,,2157,,24971,,1476295,,3398838,,3077986,,320852,,,,,,,,,,,,,,,,,,,
IL,Illinois,202106,Y,P,N,46144,,0,,46144,,25346,,2127,,27473,,1480847,,3417591,,3095163,,322428,,,,,,,,,,,,,,,,,,,
IL,Illinois,202106,Y,U,Y,46144,,0,,46144,,25346,,2127,,27473,,1480847,,3417591,,3095163,,322428,,,,,,,,,,,,,,,,,,,
IL,Illinois,202107,Y,P,N,47726,,0,,47726,,25209,,2225,,27434,,1487168,,3440508,,3116063,,324445,,,,,,,,,,,,,,,,,,,
IL,Illinois,202107,Y,U,Y,47726,,0,,47726,,25209,,2225,,27434,,1487168,,3440508,,3116063,,324445,,,,,,,,,,,,,,,,,,,
IL,Illinois,202108,Y,P,N,50207,,0,,50207,,27211,,2482,,29693,,1494044,,3465672,,3139292,,326380,,,,,,,,,,,,,,,,,,,
IL,Illinois,202108,Y,U,Y,50207,,0,,50207,,27211,,2482,,29693,,1494044,,3465672,,3139292,,326380,,,,,,,,,,,,,,,,,,,
IL,Illinois,202109,Y,P,N,49510,,0,,49510,,26994,,2415,,29409,,1498529,,3483116,,3154996,,328120,,,,,,,,,,,,,,,,,,,
IL,Illinois,202109,Y,U,Y,49510,,0,,49510,,26994,,2415,,29409,,1498529,,3483116,,3154996,,328120,,,,,,,,,,,,,,,,,,,
IL,Illinois,202110,Y,P,N,51765,,0,,51765,,26938,,2168,,29106,,1502856,,3501788,,3172072,,329716,,,,,,,,,,,,,,,,,,,
IL,Illinois,202110,Y,U,Y,51765,,0,,51765,,26938,,2168,,29106,,1502856,,3501788,,3172072,,329716,,,,,,,,,,,,,,,,,,,
IL,Illinois,202111,Y,P,N,49001,,0,,49001,,25501,,2287,,27788,,1508632,,3531035,,3201784,,329251,,,,,,,,,,,,,,,,,,,
IL,Illinois,202111,Y,U,Y,49001,,0,,49001,,25501,,2287,,27788,,1508632,,3531035,,3201784,,329251,,,,,,,,,,,,,,,,,,,
IL,Illinois,202112,Y,P,N,44940,,0,,44940,,27756,,3303,,31059,,1512084,,3555289,,3224583,,330706,,,,,,,,,,,,,,,,,,,
IL,Illinois,202112,Y,U,Y,44940,,0,,44940,,27756,,3303,,31059,,1512084,,3555289,,3224583,,330706,,,,,,,,,,,,,,,,,,,
IL,Illinois,202201,Y,P,N,48710,,0,,48710,,27948,,2703,,30651,,1516780,,3577276,,3244603,,332673,,,,9532,,9192,,7295,,1676,,3326,,,,,,,
IL,Illinois,202201,Y,U,Y,48710,,0,,48710,,27948,,2703,,30651,,1516780,,3577276,,3244603,,332673,,,,9532,,9192,,7295,,1676,,3326,,,,,,,
IL,Illinois,202202,Y,P,N,39238,,0,,39238,,26534,,1936,,28470,,1520273,,3586291,,3251696,,334595,,,,8207,,6436,,6644,,2554,,5417,,,,,,,
IL,Illinois,202202,Y,U,Y,39238,,0,,39238,,26534,,1936,,28470,,1520273,,3586291,,3251696,,334595,,,,8207,,6436,,6644,,2554,,5417,,,,,,,
IL,Illinois,202203,Y,P,N,47767,,0,,47767,,25093,,2151,,27244,,1524706,,3602642,,3266530,,336112,,,,9536,,7877,,5875,,732,,1108,,,,,,,
IL,Illinois,202203,Y,U,Y,47767,,0,,47767,,25093,,2151,,27244,,1524706,,3602642,,3266530,,336112,,,,9536,,7877,,5875,,732,,1108,,,,,,,
IL,Illinois,202204,Y,P,N,43222,,0,,43222,,21668,,1577,,23245,,1528547,,3617664,,3280469,,337195,,,,8439,,6803,,4855,,526,,572,,,,,,,
IL,Illinois,202204,Y,U,Y,43222,,0,,43222,,21668,,1577,,23245,,1528547,,3617664,,3280469,,337195,,,,8439,,6803,,4855,,526,,572,,,,,,,
IL,Illinois,202205,Y,P,N,44133,,0,,44133,,21391,,1633,,23024,,1531857,,3634453,,3296138,,338315,,,,7842,,6903,,4904,,603,,534,,,,,,,
IL,Illinois,202205,Y,U,Y,44133,,0,,44133,,21391,,1633,,23024,,1531857,,3634453,,3296138,,338315,,,,7842,,6903,,4904,,603,,534,,,,,,,
IL,Illinois,202206,Y,P,N,47843,,0,,47843,,23062,,1746,,24808,,1536340,,3652784,,3313334,,339450,,,,7334,,8447,,5694,,681,,595,,,,,,,
IL,Illinois,202206,Y,U,Y,47843,,0,,47843,,23062,,1746,,24808,,1536340,,3652784,,3313334,,339450,,,,7334,,8447,,5694,,681,,595,,,,,,,
IL,Illinois,202207,Y,P,N,55308,,0,,55308,,24248,,2051,,26299,,1543590,,3675203,,3334260,,340943,,,,7871,,9024,,6489,,833,,500,,,,,,,
IL,Illinois,202207,Y,U,Y,55308,,0,,55308,,24248,,2051,,26299,,1543590,,3675203,,3334260,,340943,,,,7871,,9024,,6489,,833,,500,,,,,,,
IL,Illinois,202208,Y,P,N,62224,,0,,62224,,28779,,2659,,31438,,1550339,,3703488,,3368621,,334867,,,,9130,,11058,,8072,,1151,,718,,,,,,,
IL,Illinois,202208,Y,U,Y,62224,,0,,62224,,28779,,2659,,31438,,1550339,,3703488,,3368621,,334867,,,,9130,,11058,,8072,,1151,,718,,,,,,,
IL,Illinois,202209,Y,P,N,55016,,0,,55016,,26288,,2232,,28520,,1554639,,3722306,,3386032,,336274,,,,8190,,9887,,6930,,1282,,813,,,,,,,
IL,Illinois,202209,Y,U,Y,55016,,0,,55016,,26288,,2232,,28520,,1554639,,3722306,,3386032,,336274,,,,8190,,9887,,6930,,1282,,813,,,,,,,
IL,Illinois,202210,Y,P,N,55216,,0,,55216,,25923,,2277,,28200,,1556728,,3735580,,3398265,,337315,,,,8407,,8985,,6919,,1226,,922,,,,,,,
IL,Illinois,202210,Y,U,Y,55216,,0,,55216,,25923,,2277,,28200,,1556728,,3735580,,3398265,,337315,,,,8407,,8985,,6919,,1226,,922,,,,,,,
IL,Illinois,202211,Y,P,N,44701,,0,,44701,,23876,,2856,,26732,,1561192,,3759229,,3419471,,339758,,,,8368,,7587,,7594,,1181,,1028,,,,,,,
IL,Illinois,202211,Y,U,Y,44701,,0,,44701,,23876,,2856,,26732,,1561192,,3759229,,3419471,,339758,,,,8368,,7587,,7594,,1181,,1028,,,,,,,
IL,Illinois,202212,Y,P,N,43360,,0,,43360,,26259,,3515,,29774,,1566918,,3788584,,3446137,,342447,,,,8730,,10473,,10441,,1992,,1675,,,,,,,
IL,Illinois,202212,Y,U,Y,43360,,0,,43360,,26259,,3515,,29774,,1566918,,3788584,,3446137,,342447,,,,8730,,10473,,10441,,1992,,1675,,,,,,,
IL,Illinois,202301,Y,P,N,49534,,0,,49534,,26885,,2855,,29740,,1568138,,3800055,,3456508,,343547,,,,9148,,9457,,7467,,4183,,2429,,,,,,,
IL,Illinois,202301,Y,U,Y,49534,,0,,49534,,26885,,2855,,29740,,1571285,,3808385,,3463814,,344571,,,,9148,,9457,,7467,,4183,,2429,,,,,,,
IL,Illinois,202302,Y,P,N,39750,,0,,39750,,25056,,2369,,27425,,1571953,,3810186,,3464879,,345307,,,,8210,,6865,,6486,,3521,,3354,,,,,,,
IL,Illinois,202302,Y,U,Y,39750,,0,,39750,,25056,,2369,,27425,,1575398,,3818769,,3472883,,345886,,,,8210,,6865,,6486,,3521,,3354,,,,,,,
IL,Illinois,202303,Y,P,N,44391,,0,,44391,,24793,,2127,,26920,,1574263,,3817674,,3471258,,346416,,,,8882,,8172,,5443,,795,,3007,,172227,"Does not include all calls received after business hours; Includes calls for other benefit programs",11,"Does not include all calls received after business hours; Includes calls for other benefit programs; Includes only calls transferred to a live agent",0.280,"Does not include all calls received after business hours; Includes calls for other benefit programs; Includes only calls transferred to a live agent"
IL,Illinois,202303,Y,U,Y,44391,,0,,44391,,24793,,2127,,26920,,1577632,,3826461,,3479696,,346765,,,,8882,,8172,,5443,,795,,3007,,172227,"Does not include all calls received after business hours; Includes calls for other benefit programs",11,"Does not include all calls received after business hours; Includes calls for other benefit programs; Includes only calls transferred to a live agent",0.280,"Does not include all calls received after business hours; Includes calls for other benefit programs; Includes only calls transferred to a live agent"
IL,Illinois,202304,Y,P,N,40189,,0,,40189,,20535,,1768,,22303,,1577019,,3831026,,3484085,,346941,,,,7169,,7086,,5008,,698,,1341,,115971,"Does not include all calls received after business hours",10,"Does not include all calls received after business hours; Includes only calls transferred to a live agent",0.284,"Does not include all calls received after business hours; Includes only calls transferred to a live agent"
IL,Illinois,202304,Y,U,Y,40189,,0,,40189,,20535,,1768,,22303,,1580955,,3839112,,3492850,,346262,,,,7169,,7086,,5008,,698,,1341,,115971,"Does not include all calls received after business hours",10,"Does not include all calls received after business hours; Includes only calls transferred to a live agent",0.284,"Does not include all calls received after business hours; Includes only calls transferred to a live agent"
IL,Illinois,202305,Y,P,N,47130,,0,,47130,,21411,,2003,,23414,,1580563,,3843425,,3496905,,346520,,,,7848,,8031,,5418,,668,,718,,138331,"Does not include all calls received after business hours",12,"Does not include all calls received after business hours; Includes only calls transferred to a live agent",0.341,"Does not include all calls received after business hours; Includes only calls transferred to a live agent"
IL,Illinois,202305,Y,U,Y,47130,,0,,47130,,21411,,2003,,23414,,1584559,,3851907,,3505416,,346491,,,,7848,,8031,,5418,,668,,718,,138331,"Does not include all calls received after business hours",12,"Does not include all calls received after business hours; Includes only calls transferred to a live agent",0.341,"Does not include all calls received after business hours; Includes only calls transferred to a live agent"
IL,Illinois,202306,Y,P,N,51101,,0,,51101,,21520,,1967,,23487,,1584660,,3857818,,3510969,,346849,,,,8041,,8298,,6145,,775,,738,,149505,"Does not include all calls received after business hours",13,"Does not include all calls received after business hours; Includes only calls transferred to a live agent",0.419,"Does not include all calls received after business hours; Includes only calls transferred to a live agent"
IL,Illinois,202306,Y,U,Y,51101,,0,,51101,,21520,,1967,,23487,,1588377,,3866234,,3518864,,347370,,,,8041,,8298,,6145,,775,,738,,149505,"Does not include all calls received after business hours",13,"Does not include all calls received after business hours; Includes only calls transferred to a live agent",0.419,"Does not include all calls received after business hours; Includes only calls transferred to a live agent"
IL,Illinois,202307,Y,P,N,49147,,0,,49147,,21434,,1994,,23428,,1587203,,3863904,,3512728,,351176,,,,7565,,7320,,6887,,1238,,1005,,159272,"Does not include all calls received after business hours",16,"Does not include all calls received after business hours; Includes only calls transferred to a live agent",0.434,"Does not include all calls received after business hours; Includes only calls transferred to a live agent"
IL,Illinois,202307,Y,U,Y,49147,,0,,49147,,21434,,1994,,23428,,1591271,,3872945,,3521298,,351647,,,,7565,,7320,,6887,,1238,,1005,,159272,"Does not include all calls received after business hours",16,"Does not include all calls received after business hours; Includes only calls transferred to a live agent",0.434,"Does not include all calls received after business hours; Includes only calls transferred to a live agent"
IL,Illinois,202308,Y,P,N,57687,,0,,57687,,25189,,2253,,27442,,1579529,,3837155,,3481754,,355401,,,,7082,,8570,,8859,,1781,,1461,,320835,"Does not include all calls received after business hours",17,"Does not include all calls received after business hours; Includes only calls transferred to a live agent",0.274,"Does not include all calls received after business hours; Includes only calls transferred to a live agent"
IL,Illinois,202308,Y,U,Y,57687,,0,,57687,,25189,,2253,,27442,,1584024,,3846699,,3490346,,356353,,,,7082,,8570,,8859,,1781,,1461,,320835,"Does not include all calls received after business hours",17,"Does not include all calls received after business hours; Includes only calls transferred to a live agent",0.274,"Does not include all calls received after business hours; Includes only calls transferred to a live agent"
IL,Illinois,202309,Y,P,N,54162,,0,,54162,,26692,,2659,,29351,,1558088,,3781953,,3423421,,358532,,,,8028,,7806,,8621,,2488,,2669,,274185,"Does not include all calls received after business hours",22,"Does not include all calls received after business hours; Includes only calls transferred to a live agent",0.329,"Does not include all calls received after business hours; Includes only calls transferred to a live agent"
IL,Illinois,202309,Y,U,Y,54162,,0,,54162,,26692,,2659,,29351,,1585012,,3840472,,3477798,,362674,,,,8028,,7806,,8621,,2488,,2669,,274185,"Does not include all calls received after business hours",22,"Does not include all calls received after business hours; Includes only calls transferred to a live agent",0.329,"Does not include all calls received after business hours; Includes only calls transferred to a live agent"
IL,Illinois,202310,Y,P,N,62187,,0,,62187,,29385,,3048,,32433,,1551098,,3725047,,3371248,,353799,,,,8184,,8251,,9886,,2578,,3623,,302117,"Does not include all calls received after business hours",21,"Does not include all calls received after business hours; Includes only calls transferred to a live agent",0.325,"Does not include all calls received after business hours; Includes only calls transferred to a live agent"
IL,Illinois,202310,Y,U,Y,62187,,0,,62187,,29385,,3048,,32433,,1556905,,3738745,,3383694,,355051,,,,8184,,8251,,9886,,2578,,3623,,302117,"Does not include all calls received after business hours",21,"Does not include all calls received after business hours; Includes only calls transferred to a live agent",0.325,"Does not include all calls received after business hours; Includes only calls transferred to a live agent"
IL,Illinois,202311,Y,P,N,59164,,0,,59164,,25844,,2679,,28523,,1541560,,3686440,,3334024,,352416,,,,7684,,6466,,8528,,2130,,3934,,296120,"Does not include all calls received after business hours",25,"Does not include all calls received after business hours; Includes only calls transferred to a live agent",0.362,"Does not include all calls received after business hours; Includes only calls transferred to a live agent"
IL,Illinois,202311,Y,U,Y,59164,,0,,59164,,25844,,2679,,28523,,1546768,,3698378,,3344512,,353866,,,,7684,,6466,,8528,,2130,,3934,,296120,"Does not include all calls received after business hours",25,"Does not include all calls received after business hours; Includes only calls transferred to a live agent",0.362,"Does not include all calls received after business hours; Includes only calls transferred to a live agent"
IL,Illinois,202312,Y,P,N,54898,,0,,54898,,26017,,2866,,28883,,1530804,,3645743,,3296014,,349729,,,,6750,,6401,,8783,,2267,,4577,,274137,"Does not include all calls received after business hours",24,"Does not include all calls received after business hours; Includes only calls transferred to a live agent",0.336,"Does not include all calls received after business hours; Includes only calls transferred to a live agent"
IL,Illinois,202312,Y,U,Y,54898,,0,,54898,,26017,,2866,,28883,,1539190,,3664724,,3313240,,351484,,,,6750,,6401,,8783,,2267,,4577,,274137,"Does not include all calls received after business hours",24,"Does not include all calls received after business hours; Includes only calls transferred to a live agent",0.336,"Does not include all calls received after business hours; Includes only calls transferred to a live agent"
IL,Illinois,202401,Y,P,N,69334,,0,,69334,,31748,,3240,,34988,,1528500,,3619702,,3273517,,346185,,,,9456,,7978,,8802,,2808,,6287,,336707,"Does not include all calls received after business hours",26,"Does not include all calls received after business hours; Includes only calls transferred to a live agent",0.352,"Does not include all calls received after business hours; Includes only calls transferred to a live agent"
IL,Illinois,202401,Y,U,Y,69334,,0,,69334,,31748,,3240,,34988,,1532901,,3630553,,3284014,,346539,,,,9456,,7978,,8802,,2808,,6287,,336707,"Does not include all calls received after business hours",26,"Does not include all calls received after business hours; Includes only calls transferred to a live agent",0.352,"Does not include all calls received after business hours; Includes only calls transferred to a live agent"
IL,Illinois,202402,Y,P,N,58634,,0,,58634,,31529,,3292,,34821,,1519248,,3574589,,3233733,,340856,,,,9031,,6919,,7992,,2627,,8269,,291015,"Does not include all calls received after business hours",23,"Does not include all calls received after business hours; Includes only calls transferred to a live agent",0.331,"Does not include all calls received after business hours; Includes only calls transferred to a live agent"
IL,Illinois,202402,Y,U,Y,58634,,0,,58634,,31529,,3292,,34821,,1527482,,3596117,,3254491,,341626,,,,9031,,6919,,7992,,2627,,8269,,291015,"Does not include all calls received after business hours",23,"Does not include all calls received after business hours; Includes only calls transferred to a live agent",0.331,"Does not include all calls received after business hours; Includes only calls transferred to a live agent"
IL,Illinois,202403,Y,P,N,59460,,0,,59460,,36896,,4040,,40936,,1509060,,3526011,,3193071,,332940,,,,9622,,7560,,8058,,2774,,13198,,289602,"Does not include all calls received after business hours",19,"Does not include all calls received after business hours; Includes only calls transferred to a live agent",0.299,"Does not include all calls received after business hours; Includes only calls transferred to a live agent"
IL,Illinois,202403,Y,U,Y,59460,,0,,59460,,36896,,4040,,40936,,1515244,,3542797,,3208917,,333880,,,,9622,,7560,,8058,,2774,,13198,,289602,"Does not include all calls received after business hours",19,"Does not include all calls received after business hours; Includes only calls transferred to a live agent",0.299,"Does not include all calls received after business hours; Includes only calls transferred to a live agent"
IL,Illinois,202404,Y,P,N,63399,,0,,63399,,40670,,4363,,45033,,1481314,,3438447,,3130023,,308424,,,,10881,,8946,,9186,,2908,,14291,,316396,"Does not include all calls received after business hours",22,"Does not include all calls received after business hours; Includes only calls transferred to a live agent",0.332,"Does not include all calls received after business hours; Includes only calls transferred to a live agent"
IL,Illinois,202404,Y,U,Y,63399,,0,,63399,,40670,,4363,,45033,,1487790,,3461070,,3151868,,309202,,,,10881,,8946,,9186,,2908,,14291,,316396,"Does not include all calls received after business hours",22,"Does not include all calls received after business hours; Includes only calls transferred to a live agent",0.332,"Does not include all calls received after business hours; Includes only calls transferred to a live agent"
IL,Illinois,202405,Y,P,N,61652,,0,,61652,,36975,,3752,,40727,,1467044,,3379793,,3079684,,300109,,,,10537,,9539,,8008,,2002,,11363,,285798,"Does not include all calls received after business hours",20,"Does not include all calls received after business hours; Includes only calls transferred to a live agent",0.303,"Does not include all calls received after business hours; Includes only calls transferred to a live agent"
IL,Illinois,202405,Y,U,Y,61652,,0,,61652,,36975,,3752,,40727,,1473239,,3396187,,3095755,,300432,,,,10537,,9539,,8008,,2002,,11363,,285798,"Does not include all calls received after business hours",20,"Does not include all calls received after business hours; Includes only calls transferred to a live agent",0.303,"Does not include all calls received after business hours; Includes only calls transferred to a live agent"
IL,Illinois,202406,Y,P,N,57512,,0,,57512,,30699,,3010,,33709,,1453335,,3312187,,3019743,,292444,,,,8216,,8903,,7794,,2337,,7110,,197485,"Does not include all calls received after business hours",28,"Does not include all calls received after business hours; Includes only calls transferred to a live agent",0.364,"Does not include all calls received after business hours; Includes only calls transferred to a live agent"
IL,Illinois,202406,Y,U,Y,57512,,0,,57512,,30699,,3010,,33709,,1460758,,3332992,,3040669,,292323,,,,8216,,8903,,7794,,2337,,7110,,197485,"Does not include all calls received after business hours",28,"Does not include all calls received after business hours; Includes only calls transferred to a live agent",0.364,"Does not include all calls received after business hours; Includes only calls transferred to a live agent"
IL,Illinois,202407,Y,P,N,66004,,0,,66004,,34750,,3155,,37905,,1443565,,3263255,,2977480,,285775,,1819690,,8817,,10143,,9097,,2333,,7736,,357309,"Does not include all calls received after business hours",37,"Does not include all calls received after business hours; Includes only calls transferred to a live agent",0.444,"Does not include all calls received after business hours; Includes only calls transferred to a live agent"
IL,Illinois,202407,Y,U,Y,66004,,0,,66004,,34750,,3155,,37905,,1450722,,3283600,,2997607,,285993,,1832878,,8817,,10143,,9097,,2333,,7736,,357309,"Does not include all calls received after business hours",37,"Does not include all calls received after business hours; Includes only calls transferred to a live agent",0.444,"Does not include all calls received after business hours; Includes only calls transferred to a live agent"
IL,Illinois,202408,Y,P,N,64161,,0,,64161,,36858,,3690,,40548,,1441927,,3256089,,2969716,,286373,,1814162,,9527,,10643,,9972,,2374,,8599,,341896,"Does not include all calls received after business hours",32,"Does not include all calls received after business hours; Includes only calls transferred to a live agent",0.408,"Does not include all calls received after business hours; Includes only calls transferred to a live agent"
IL,Illinois,202408,Y,U,Y,64161,,0,,64161,,36858,,3690,,40548,,1449454,,3276274,,2989341,,286933,,1826820,,9527,,10643,,9972,,2374,,8599,,341896,"Does not include all calls received after business hours",32,"Does not include all calls received after business hours; Includes only calls transferred to a live agent",0.408,"Does not include all calls received after business hours; Includes only calls transferred to a live agent"
IL,Illinois,202409,Y,P,N,59466,,0,,59466,,33246,,3253,,36499,,1438975,,3248845,,2963083,,285762,,1809870,,8738,,8885,,9532,,2459,,6323,,329618,"Does not include all calls received after business hours",34,"Does not include all calls received after business hours; Includes only calls transferred to a live agent",0.420,"Does not include all calls received after business hours; Includes only calls transferred to a live agent"
IL,Illinois,202409,Y,U,Y,59466,,0,,59466,,33246,,3253,,36499,,1447486,,3271235,,2984941,,286294,,1823749,,8738,,8885,,9532,,2459,,6323,,329618,"Does not include all calls received after business hours",34,"Does not include all calls received after business hours; Includes only calls transferred to a live agent",0.420,"Does not include all calls received after business hours; Includes only calls transferred to a live agent"
IL,Illinois,202410,Y,P,N,55425,,0,,55425,,36687,,4009,,40696,,1437216,,3243413,,2957608,,285805,,1806197,,9996,,10012,,10466,,2737,,6736,,365772,"Does not include all calls received after business hours",37,"Does not include all calls received after business hours; Includes only calls transferred to a live agent",0.442,"Does not include all calls received after business hours; Includes only calls transferred to a live agent"
IL,Illinois,202410,Y,U,Y,55425,,0,,55425,,36687,,4009,,40696,,1442537,,3257417,,2971009,,286408,,1814880,,9996,,10012,,10466,,2737,,6736,,365772,"Does not include all calls received after business hours",37,"Does not include all calls received after business hours; Includes only calls transferred to a live agent",0.442,"Does not include all calls received after business hours; Includes only calls transferred to a live agent"
IL,Illinois,202411,Y,P,N,45682,,0,,45682,,28273,,3015,,31288,,1431565,,3223840,,2936525,,287315,,1792275,,8106,,7648,,7702,,1848,,5725,,285972,"Does not include all calls received after business hours",33,"Does not include all calls received after business hours; Includes only calls transferred to a live agent",0.398,"Does not include all calls received after business hours; Includes only calls transferred to a live agent"
IL,Illinois,202411,Y,U,Y,45682,,0,,45682,,28273,,3015,,31288,,1439513,,3242597,,2954294,,288303,,1803084,,8106,,7648,,7702,,1848,,5725,,285972,"Does not include all calls received after business hours",33,"Does not include all calls received after business hours; Includes only calls transferred to a live agent",0.398,"Does not include all calls received after business hours; Includes only calls transferred to a live agent"
IL,Illinois,202412,Y,P,N,48201,,0,,48201,,30818,,3417,,34235,,1428952,,3208484,,2918179,,290305,,1779532,,8012,,7668,,8969,,2664,,5766,,385533,"Does not include all calls received after business hours",26,"Does not include all calls received after business hours; Includes only calls transferred to a live agent",0.372,"Does not include all calls received after business hours; Includes only calls transferred to a live agent"
IL,Illinois,202412,Y,U,Y,48201,,0,,48201,,30818,,3417,,34235,,1438138,,3231378,,2940111,,291267,,1793240,,8012,,7668,,8969,,2664,,5766,,385533,"Does not include all calls received after business hours",26,"Does not include all calls received after business hours; Includes only calls transferred to a live agent",0.372,"Does not include all calls received after business hours; Includes only calls transferred to a live agent"
IL,Illinois,202501,Y,P,N,62552,,0,,62552,,40530,,4387,,44917,,1425173,,3191264,,2899135,,292129,,1766091,,12832,,9904,,8577,,3134,,11047,,407702,"Does not include all calls received after business hours",21,"Does not include all calls received after business hours; Includes only calls transferred to a live agent",0.368,"Does not include all calls received after business hours; Includes only calls transferred to a live agent"
IL,Illinois,202501,Y,U,Y,62552,,0,,62552,,40530,,4387,,44917,,1433357,,3211905,,2918728,,293177,,1778548,,12832,,9904,,8577,,3134,,11047,,407702,"Does not include all calls received after business hours",21,"Does not include all calls received after business hours; Includes only calls transferred to a live agent",0.368,"Does not include all calls received after business hours; Includes only calls transferred to a live agent"
IL,Illinois,202502,Y,P,N,47777,,0,,47777,,33983,,4082,,38065,,1416856,,3168689,,2874704,,293985,,1751833,,10782,,7022,,7399,,2321,,12634,,298852,"Does not include all calls received after business hours",20,"Does not include all calls received after business hours; Includes only calls transferred to a live agent",0.341,"Does not include all calls received after business hours; Includes only calls transferred to a live agent"
IL,Illinois,202502,Y,U,Y,47777,,0,,47777,,33983,,4082,,38065,,1427469,,3204871,,2908569,,296302,,1777402,,10782,,7022,,7399,,2321,,12634,,298852,"Does not include all calls received after business hours",20,"Does not include all calls received after business hours; Includes only calls transferred to a live agent",0.341,"Does not include all calls received after business hours; Includes only calls transferred to a live agent"
IL,Illinois,202503,Y,P,N,48376,,0,,48376,,42832,,5455,,48287,,1411258,,3166322,,2868206,,298116,,1755064,,12568,,7575,,7756,,2443,,21483,,314021,"Does not include all calls received after business hours",18,"Does not include all calls received after business hours; Includes only calls transferred to a live agent",0.313,"Does not include all calls received after business hours; Includes only calls transferred to a live agent"
IL,Illinois,202503,Y,U,Y,48376,,0,,48376,,42832,,5455,,48287,,1421827,,3194479,,2894353,,300126,,1772652,,12568,,7575,,7756,,2443,,21483,,314021,"Does not include all calls received after business hours",18,"Does not include all calls received after business hours; Includes only calls transferred to a live agent",0.313,"Does not include all calls received after business hours; Includes only calls transferred to a live agent"
IL,Illinois,202504,Y,P,N,47604,,0,,47604,,39753,,4797,,44550,,1404730,,3146295,,2849911,,296384,,1741565,,12611,,8156,,7887,,2125,,13564,,259604,"Does not include all calls received after business hours",17,"Does not include all calls received after business hours; Includes only calls transferred to a live agent",0.227,"Does not include all calls received after business hours; Includes only calls transferred to a live agent"
